{
  "1" : {
    "userId" : 14,
    "highestPrice" : 996.3699966168011
  },
  "2" : {
    "userId" : 20,
    "highestPrice" : 996.0861812372525
  },
  "3" : {
    "userId" : 12,
    "highestPrice" : 803.7995456047265
  }
}